name,stem,definition,example,,,
abine,#NAME?,"nucleoside antiviral or antineoplastic agents, cytarabine or azarabine derivatives",,,,
ac,#NAME?,anti-inflammatory agents (acetic acid derivatives),bromfenac,,,
subgroup:,,,,,,
,#NAME?,anti-inflammatory - pyrazole acetic acid derivatives,  pyrazole acetic acid derivatives,rovazolac,,
acetam,#NAME?,"nootropic agents (learning, cognitive enhancers), piracetam type",,,,
actant,#NAME?,pulmonary surfactants,"beractant, lucinactant, calfactant",,,
actide,#NAME?,peptides,,,,
adenant,#NAME?,adensosine receptor antagonists,preladenant,,,
adol,"-adol, -adol-",analgesics (mixed opiate receptor agonists/antagonists),tazadolene,,,
adox,#NAME?,antibacterials (quinoline dioxide derivatives),carbadox,,,
afenone,#NAME?,antiarrhythmics (propafenone derivatives),alprafenone,,,
afil,#NAME?,phosphodiesterase type 5 inhibitors (PDE5) inhibitors,"tadalafil, avanafil",,,
subgroup:,,,,,,
,#NAME?,(PDE5) inhibitors containing a sulfonamide moiety,"udenafil, vardenafil",,,
aj,-aj-,antiarrythmics (ajmaline deriviatives),lorajmine,,,
alap,#NAME?,aldehyde traps,reproxalap,,,
aldrate,#NAME?,antacid aluminum salts,magaldrate,,,
algron,#NAME?,α1 - and α2 - adrenoreceptor agonists,dabuzalgron,,,
alol,#NAME?,combined alpha and beta blockers,labetalol,,,
amidine,#NAME?,pentamidine derivatives/analogues,pafuramidine,,,
amidis,#NAME?,antimyloidotics,tafamidis,,,
amivir,#NAME?,antivirals,,,,
amostat,#NAME?,enzyme inhibitors,,,,
ampa,-ampa-,ionotropic non-NMDA (N-methyl D-aspartate) glutamate receptors [AMPA (α-amino-3-hydroxy-5-methyl-4-isoxazolepropionic acid receptor) and/or KA (kainite antagonist) receptors],,,,
subgroups:,,,,,,
,#NAME?,antagonists,becampanel,,,
,#NAME?,modulators,farampator,,,
ampanel,#NAME?,ionotropic non-NMDA (N-methyl D-aspartate) glutamate receptors [AMPA (α-amino-3-hydroxy-5-methyl-4-isoxazolepropionic acid receptor) and/or KA (kainite antagonist) receptors],,,,
ampator,#NAME?,ionotropic non-NMDA (N-methyl D-aspartate) glutamate receptors [AMPA (α-amino-3-hydroxy-5-methyl-4-isoxazolepropionic acid receptor) and/or KA (kainite antagonist) receptors],,,,
andr,-andr-,androgens,nandrolone,,,
anib,#NAME?,angiogenesis inhibitors,pegaptanib,,,
aniten,#NAME?,"androgen receptor inhibitor, N-terminal domain inhibitor",ralaniten,,,
anserin,#NAME?,serotonin 5-HT2 receptor antagonists,altanserin,,,
antel,#NAME?,anthelminitics (undefined group),carbantel,,,
subgroup:,,,,,,
,#NAME?,2-deoxoparaherquamide A derivatives,derquantel,,,
antrone,#NAME?,"antineoplastics, anthraquinone derivatives",pixantrone,,,
apsel,#NAME?,P-selectin antagonists,torapsel,,,
apt,-apt-,"aptamers, classical and mirror","pegaptanib, egaptivon pegol",,,
arabine,#NAME?,antineoplastics (arabinofuranosyl derivatives),fazarabine,,,
aril,"aril-, -aril-, -aril",antiviral (arildone derivatives),pleconaril,,,
arit,#NAME?,antirheumatics (lobenzarit type),"lobenzarit, clobuzarit",,,
arol,#NAME?,anticoagulants (dicumarol type),dicumarol,,,
arone,#NAME?,antiarrhythmics,"dronedarone, amioderone",,,
subgroup:,,,,,,
,#NAME?,antiarrhythmics - indicates high iodine content,amiodarone,,,
arotene,#NAME?,arotinoid derivatives,"bexarotene, linarotene, tazarotene",,,
arsin,#NAME?,organoarsenic compounds,darinaparsin,,,
arte,arte-,antimalarials (artemisinin derivatives),arteflene,,,
ase,#NAME?,enzymes,alglucerase,,,
subgroups:,,,,,,
,#NAME?,enzymes - superoxide dismutase activity ,sudismase,,,
,#NAME?,enzymes/proteases that have gluten as the substrate,latiglutenase,,,
,#NAME?,enzymes - tissue -type plasminogen activators,alteplase,,,
,#NAME?,enzymes - urokinase-type plasminogen activators,saruplase,,,
ast,#NAME?,antiasthmatics/antiallergics (not acting primarily as antihistamines),,,,
subgroups:,,,,,,
,#NAME?,leukotriene receptor antagonists,cinalukast,,,
,#NAME?,type IV phosphodiesterase,piclamilast,,,
,#NAME?,integrin antagonists,valategrast,,,
,#NAME?,thromboxane A2 receptor antagonists,seratrodast,,,
,#NAME?,leukotriene biosynthesis inhibitors,eclazolast   ,,,
asvir,#NAME?,antivirals,,,,
(a)tadine,"-tadine, -atadine","tricyclic histaminic-H1 receptor antagonists, loratadine derivatives (formerly -tadine)",deloratadine,,,
astine,#NAME?,antihistaminics (histamine-H1 receptor antagonists),ebastine,,,
azenil,#NAME?,benzodiazepine receptor agonists/antagonists,bretazenil,,,
azepam,#NAME?,antianxiety agents (diazepam type),"lorazepam, clonazepam",,,
azepide,#NAME?,cholecystokinin receptor antagonists,devazepide,,,
azocine,#NAME?,"narcotic antagonists/agonists (6,7-benzomorphan derivatives)",quadazocine,,,
azoline,#NAME?,antihistamines/local vasoconstrictors (antazoline type),antazoline,,,
azosin,#NAME?,antihypertensives (prazosin type),doxazosin,,,
bacept,#NAME?,"receptor molecules or membrane ligands, natural, modified or synthetic",,,,
bactam,#NAME?,β-lactamase inhibitors ,sulbactam,,,
bamate,#NAME?,tranquilizers/antiepileptics (propanediol and pentanediol groups),meprobamate,,,
barb,"-barb, -barb-",barbituric acid derivatives,eterobarb,,,
basib,#NAME?,inhibitors of the ADAM (A disintegrin and A metalloprotease) enzymes (sheddases),aderbasib,,,
begron,#NAME?,β3 adrenoreceptor agonists,talibegron,,,
benakin,#NAME?,interleukins ,,,,
bendazole,#NAME?,antithelmintics (tibendazole type),cambendazole,,,
bercept,#NAME?,"receptor molecules or membrane ligands, natural, modified or synthetic",,,,
berel,#NAME?,estrogen receptor β agonist,prinaberel,,,
bermin,#NAME?,growth factors,,,,
bersat,#NAME?,anticonvulsants, antimigraine (benzoylamino-benzpyran derivatives),carabersat,,
betin,#NAME?,Amyloid β (Aβ) binders,aftobetin,,,
bol,"bol-, -bol-",anabolic steroids,bolandiol,,,
borole,#NAME?,"boroles, boron compounds",crisaborole,,,
bresib,#NAME?,bromodomain and extra terminal motif (BET) inhibitors,birabresib,,,
brutinib,#NAME?,tyrosine kinase inhibitors ,,,,
bufen,#NAME?,"non-steriodal anti-inflammatory agents, fenbufen derivatives",indobufen,,,
bulin,#NAME?,antineoplastics (mitotic inhibitors, tubulin binders),mivobulin,,
butan,#NAME?,antiseptics (dapabutan type) ,lopobutan,,,
butazone,#NAME?,anti-inflammatory analgesics (phenylbutazone type),mofebutazone,,,
buvir,#NAME?,antivirals,,,,
caftor,#NAME?,cystic fibrosis transmembrane regulator (CFTR) protein modulators,ivacaftor,,,
caine,#NAME?,local anesthetics,dibucaine,,,
caleret,#NAME?,calcium receptor antagonists,ronacaleret,,,
calci,"calci-, -calci-",vitamin D analogs,calcipotriene,,,
camra,#NAME?,antivirals (intracellular adhesion molecule 1 (ICAM-1) derivatives,tremacamra,,,
camsule,#NAME?,camphorsulfonic acid derivatives used as UVA sunscreens,ecamsule,,,
capoc,#NAME?,"agonists of the Gardos channel, or the calcium activated potassium channel of intermediate conductance",senicapoc,,,
capone,#NAME?,catechol-O-methyltransferase (COMT) inhibitors,entacapone,,,
carbef,#NAME?,antibiotics (carbacephem derivatives),loracarbef,,,
calcet,#NAME?,calcium-sensing receptor (CaSR) agonists,tecalcet,,,
camtiv,#NAME?,cardiac myosin activator,omecamtiv mecarbil,,,
casan,#NAME?,caspase inhibitors,pralnacasan,,,
caserin,#NAME?,"serotonin receptor agonists, primarily 5-HT2",lorcaserin,,,
castat,#NAME?,enzyme inhibitors,,,,
catib,#NAME?,cathespin inhibitors,balicatib,,,
cavir,#NAME?,antivirals,,,,
cebec,#NAME?,cytochrome bc1 complex inhibitors in mycobacterium tuberculosis,telacebec,,,
cef,cef-,cephalosporins,cefazolin,,,
cept,#NAME?,"receptor molecules or membrane ligands, natural, modified or synthetic",,,,
subgroups:,,,,,,
,#NAME?,B-cells,briobacept,,,
,#NAME?,vascular endothelial growth factor (VEGF) receptors,aflibercept,,,
,#NAME?,complement receptors,mirococept,,,
,#NAME?,interferon receptors,bifarcept,,,
,#NAME?,lymphocyte function-associated antigen 3 (LFA) receptors,alefacept,,,
,#NAME?,interleukin receptors,rilonacept,,,
,#NAME?,tumor necrosis factor receptors,lenercept,,,
,#NAME?,T-cell receptors,belatacept,,,
,#NAME?,transforming growth factor receptors,sotatercept,,,
,#NAME?,antiviral receptors,alvircept,,,
cerfont,#NAME?,CRF-1 (corticotropin releasing factor) receptor antagonists,pexacerfont,,,
cetrapib,#NAME?,cholesterol ester transfer protein inhibitors,torcetrapib,,,
cic,#NAME?,hepatoprotectives (timonacic type),limazocic,,,
ciclib,#NAME?,cyclin dependent kinase inhibitors (formerly -cidib),seliciclib,,,
ciclovir,#NAME?,antivirals,,,,
cidin,#NAME?,natural antibiotics (undefined group),gramicidin,,,
ciguat,#NAME?,guanaline cyclase activators,ataciguat,,,
cillin,#NAME?,penicillins,ampicillin,,,
cirnon,#NAME?,"Chemokine receptor (CCR) antagonists, not antivirals",vercirnon,,,
citabine,#NAME?,"nucleoside antiviral or antineoplastic agents, cytarabine or azarabine derivatives",gemcitabine,,,
citinib,#NAME?,tyrosine kinase inhibitors ,,,,
"clidinium""","-clidine, -clidinium",muscarinic receptor agonists/antagonists,vedaclidine,,,
clomol,#NAME?,"heat-shock protein inducers, bimoclomal type",elesclomol,,,
clone,#NAME?,hypnotics/tranquilizers (zopiclone type),pagoclone,,,
closporin,#NAME?,cyclosporin derivatives,oxeclosporin,,,
cocept,#NAME?,"receptor molecules or membrane ligands, natural, modified or synthetic",,,,
copan,#NAME?,complement receptor antagonists/complement inhibitors,avacopan,,,
coplan,#NAME?,complement ligand inhibitors,zilucoplan,,,
conazole,#NAME?,systemic antifungals (miconazole type),fluconazole,,,
corat,#NAME?,glucocorticoid receptor agonists ( not glucocorticoids),mapracorat,,,
corilant,#NAME?,glucocorticoid receptor antagonists (not glucocorticoids),relacorilant,,,
cort,-cort-,cortisone derivatives,hydrocortisone,,,
coxib,#NAME?,cyclooxygenase-2 inhibitors,celecoxib,"r""",#NAME?,multidrug resistance inhibitors
crinat,#NAME?,diuretics (ethacrynic acid derivatives),brocrinat,,,
crine,#NAME?,acridine derivatives,amsacrine,,,
cromil,#NAME?,antiallergics (cromoglicic acid derivatives),nedocromil,,,
"curium, curonium","-curium, -curonium",neuromuscular blocking agents (quaternary, also ammonium compounds),atracurium,,
cycline,#NAME?,antibiotics (tetracycline derivatives),minocycline,,,
cyclovir,#NAME?,antivirals,,,,
dacin,#NAME?,"antibiotics, DNA gyrase and topoisomerase IV inhibitors","zoliflodacin, gepotidacin",,,
dan,#NAME?,positive inotropic agents (pimobendan type),prinoxodan,,,
dapsone,#NAME?,antimycobacterials (diaminodiphenylsulfone derivatives),acedapsone,,,
dar,#NAME?,multidrug resistance inhibitors,,,,
subgroups:,,,,,,
,#NAME?,pipecolic acid derivatives,biricodar,,,
,#NAME?,acridine carboxamide derivatives,elacridar,,,
,#NAME?,quinoline derivatives,lamiquidar,,,
,#NAME?,ciclosporin D derivatives,valspodar,,,
decakin,#NAME?,interleukins ,,,,
degib,#NAME?,hedgehog signaling inhibitors ,vismodegib,,,
delpar,#NAME?,PPAR delta receptor agonists,fonadelpar,,,
denoson,#NAME?,adenosine A receptor agonists,tecadenoson,,,
depsin,#NAME?,depsipeptide derivatives,romidepsin,,,
dermin,#NAME?,growth factors,,,,
desivir,#NAME?,antivirals,,,,
deu,deu-,deuterated compounds,deudextromethorphan,,,
dil,"-dil-, -dil",vasodilators (undefined group),fostedil,,,
subgroup:,,,,,,
,#NAME?,calcium channel blockers acting as vasodilators,mibefradil,,,
,#NAME?,Rho protein kinase (ROCK) inhibitors,netarsudil,,,
dipine,#NAME?,phenylpyridine vasodilators ,darodipine,,,
,,(nifedipine type),felodipine,,,
dismase,#NAME?,enzymes,,,,
distim,#NAME?,colony-stimulating factors,,,,
ditan,#NAME?,"antimigraine , serotonin 5-HT1 receptor agonists",alniditan,,,
ditraz,#NAME?,acaricide/tick repellent,demiditraz,,,
dnar,#NAME?,DNA fragments that block transcription,rosomidnar,,,
dodekin,#NAME?,interleukins ,,,,
domide,#NAME?,thalidomide derivatives,lenalidomide,,,
dopa,#NAME?,dopamine receptor agonists,levodopa,,,
dopidine,#NAME?,dopamine D2 receptor modulator,pridopidine,,,
dore,#NAME?,dopamine D2D3 receptor modulators,aplindore fumarate,,,
dotin,#NAME?,synthetic analogs of the dolastatin series,vedotin,,,
dralazine,#NAME?,antihypertensives (hydrazine-phthalazines),hydralazine,,,
drimer,#NAME?,polymers,,,,
drine,#NAME?,sympathomimetics,alifedrine,,,
dronate,#NAME?,calcium metabolism regulators,etidronate,,,
dutant,#NAME?,tachykinin (neurokinin) receptor antagonists,,,,
ectedin,#NAME?,ecteinascidin derivatives,monectedin,,,
ectin,#NAME?,antiparasitics (ivermectin type),doramectin,,,
ef,-ef-,Fc fusion protein,pegefinodutide,,,
elestat,#NAME?,enzyme inhibitors,,,,
elvekin,#NAME?,interleukins ,,,,
emcinal,#NAME?,erythromycin derivatives lacking antibiotic activity, motilin agonists,mitemcinal,,
enicokin,#NAME?,interleukins ,,,,
entan,#NAME?,endothelin receptor antagonists,bosentan,,,
eptakin,#NAME?,interleukins ,,,,
erg,-erg-,ergot alkaloid deriviatives,pergolide,,,
eridine,#NAME?,analgesics (meperidine type),anileridine,,,
ermin,#NAME?,growth factors,,,,
subgroups:,,,,,,
,#NAME?,vascular endothelial growth factors,telbermin,,,
,#NAME?,epidermal growth factors ,murodermin,,,
,#NAME?,fibroblast growth factors,ersofermin,,,
,#NAME?,tumor necrosis factors,sonermin,,,
,#NAME?,platelet derived growth factors,becaplermin,,,
,#NAME?,bone morphogenetic proteins,dibotermin alfa,,,
,#NAME?,insulin-like growth factors,mecasermin,,,
,#NAME?,transforming growth factors,cetermin,,,
espib,#NAME?,heat shock protein inhibitors,ganetespib,,,
estr,"estr-, -estr-",estrogens,estrone,,,
estrant,#NAME?,estrogen antagonists,fulvestrant,,,
etanide,#NAME?,diuretics (piretanide type),bumetanide,,,
exakin,#NAME?,interleukins ,,,,
facept,#NAME?,"receptor molecules or membrane ligands, natural, modified or synthetic",,,,
fadine,#NAME?,monoamine transport inhibitors,centanafadine,,,
farcept,#NAME?,"receptor molecules or membrane ligands, natural, modified or synthetic",,,,
farin,#NAME?,warfarin analogs,tecarfarin,,,
farnib,#NAME?,farnesyl transferase inhibitor,tipifarnib,,,
faxine,#NAME?,"antianxiety, antidepressant inhibitor of norepinephrine and dopamine re-uptake",radafaxine,,,
fenacin,#NAME?,muscarinic receptor antagonists,darifenacin,,,
"fenamate, fenamic acid, ","-fenamate, -fenamate acid",anti-inflammatory agents (anthranilic acid derivatives) and their salts or esters,etofenamate,,,
fenine,#NAME?,analgesics (fenamic acid subgroup),floctafenine,,,
fenin,#NAME?,diagnostic aids ((phenylcarbamoyl) methyl iminodiacetic acid derivatives),arclofenin,,,
fensine,#NAME?,"norepinephrine, serotonin, dopamine, reuptake inhibitor",brasofensine,,,
fentanil,#NAME?,narcotic analgesics (fentanyl derivatives),alfentanil,,,
fentrine,#NAME?,phosphodiesterase inhibitor,pumafentrine,,,
fermin,#NAME?,growth factors,,,,
fetamin(e),"-fetamin, -fetamine",amfetamine derivatives,levmetamfetamine,,,
fexor/fexorate,"-fexor-, -fexorate",farnesoid X receptor agonists ,turofexorate,,,
fiban,#NAME?,fibrinogen receptor antagonists (glycoprotein IIb/IIIa receptor antagonists),lamifiban,,,
fibatide,#NAME?,peptides,,,,
"fibrate, fibric acid","-fibrate, -fibric acid",antihyperlipidemics (clofibrate type),bezafibrate,,,
filcon,#NAME?,hydrophilic contact lens material,alphafilcon A,,,
fingol,#NAME?,sphingosine derivatives,cedefingol,,,
flapon,#NAME?,5-lipoxygenase-activating protein (FLAP) inhibitors,quiflapon,,,
flurane,#NAME?,general inhalation anesthetics (halogenated alkane derivatives),enflurane,,,
focon,#NAME?,hydrophobic contact lens materials,trifocon A,,,
folastat,#NAME?,enzyme inhibitors, ,,,
forant,#NAME?,histamine H4 receptor antagonists,toreforant,,,
formin,#NAME?,hypoglycemics (phenformin type),buformin,,,
fo(s),"fos-, -fo-, -fos-",phosphoro-derivatives,fosinoprilant,,,
fosfamide,#NAME?,isophosphoramide mustard derivatives,palifosfamide,,,
fradil,#NAME?,vasodilators (undefined group),,,,
fulven,#NAME?,"antineoplastic, acylfulvene derivatives",viridofulven,,,
fungerp,#NAME?,"antifungals, triterpinoids",ibrexafungerp,,,
fungin,#NAME?,antifungal antibiotics (undefined group) ,kalafungin,,,
fusp,#NAME?,fusion proteins,rasdegafusp alfa,,,
fylline,#NAME?,theophylline derivatives,enprofylline,,,
gab,"-gab-, gab-",gabamimetics,fengabine,,,
gacestat,#NAME?,enzyme inhibitors,,,,
gado,gado-,gadolinium derivatives (principally for diagnostic use),gadodiamide,,,
ganan,#NAME?,"antimicrobial, bactericidal permeability increasing polypeptide",iseganan,,,
gapil,#NAME?,neuronal apoptosis inhibitors, glyceraldehyde-3-phosphate dehydrogenase (GAPDH) ,omigapil,,
gaptide,#NAME?,peptides,,,,
gatran,#NAME?,thrombin inhibitors (argatroban type),efegatran,,,
gepant,#NAME?,calcitonin gene-related peptide receptor antagonists,telcagepant,,,
gest,-gest-,progestins,megestrol,,,
giline,#NAME?,"Monoamine oxidase (MAO) inhibitors, type B",selegiline,,,
gillin,#NAME?,antibiotics (Aspergillus strains),mitogillin,,,
gli,"gli-, gly-",antihyperglycemics,gliflumide,,,
gliatin,#NAME?,glucokinase activator,piragliatin,,,
gliflozin,#NAME?,"phlorozin derivatives, phenolic glycosides",sergliflozin,,,
glinide,#NAME?,"antidiabetic, sodium glucose co-transporter 2 (SGLT2) inhibitors, not phlorozin derivatives",repaglinide,,,
gliptin,#NAME?,dipeptidyl aminopeptidase-IV inhibitors,vildagliptin,,,
glitazar,#NAME?,peroxisome proliferator activiating receptor (PPAR) agonists (not thiazolidene derivatives),farglitazar,,,
glitazone,#NAME?,peroxisome proliferator activiating receptor (PPAR) agonists (thiazolidene derivatives),ciglitazone,,,
glivant,#NAME?,antagonist of the glucagon receptor,domeglivant,,,
glucagon,#NAME?,synthetic glucagon analogs,dasiglucagon,,,
glumide,#NAME?,"cholecystokinin (CCK) antagonists, antiulcer, anxiolytic agent",amiglumide,,,
glurant,#NAME?,"metabotropic glutamate receptor antagonists, negative allosteric modulators",raseglurant,,,
glustat,#NAME?,enzyme inhibitors,,,,
glutide,#NAME?,peptides,,,,
golix,#NAME?,gonadotropin releasing hormone (GnRH) receptor antagonists (nonpeptide),sufugolix,,,
gosivir,#NAME?,antivirals,,,,
gramostim,#NAME?,colony-stimulating factors,,,,
grastim,#NAME?,colony-stimulating factors,,,,
grel,"-grel-, -grel","platelet aggregation inhibitors, primarily platelet P2Y12 receptor antagonists",anagrelide,,,
guan,guan-,antihypertensives (guanidine deriviatives),guanoctine,,,
icam,#NAME?,anti-inflammatory agents  (isoxicam type),enolicam,,,
icodar,#NAME?,multidrug resistance inhibitors,tamoxifen,,,
(formerly -iphene," -ifen)""",#NAME?,antiestrogens of the clomifene and tamoxifen groups,enclomifene,,
ilide,#NAME?,class III antiarrhythmic agents,risotilide,,,
imepodib,#NAME?,inosine monophosphate dehydrogenase inhibitors,merimepodib,,,
imex,#NAME?,immunostimulants ,forfenimex,,,
imibe,#NAME?,"antihyperlipidaemics, acyl CoA: cholesterol acyltransferase (ACAT) inhibitors",eldacimibe,,,
imod,#NAME?,immunomodulators,ivarimod,,,
subgroups:,,,,,,
,#NAME?,mitogen-activated protein (MAP) kinase inhibitors,dormapimod,,,
,#NAME?,napthyridine analogs,sortirimod,,,
,#NAME?,toll-like receptor ,agatolimod,,,
imus,#NAME?,immunosuppressives,napirimus,,,
subgroup:,,,,,,
,#NAME?,"immunosuppressant, rapamycin derivatives",siromilus,,,
inostat,#NAME?,enzyme inhibitors,,,,
inurad,#NAME?,urate transporter inhibitors,lesinurad,,,
io,"io-, -io-",iodine-containing contrast media,iodamide,,,
iodarone,#NAME?,antiarrhythmics,,,,
iphene,#NAME?,antiestrogens of the clomifene and tamoxifen groups,,,,
irudin,#NAME?,anticoagulants (hirudin type) ,desirudin,,,
isant,#NAME?,histamine H3 receptor antagonists,cipralisant,,,
isomide,#NAME?,antiarrhythmics (disopyramide derivatives),bidisomide,,,
"ium, onium","-ium, -onium",quaternary ammonium derivatives,disiquonium,,,
subgroups:,,,,,,
,#NAME?,muscarininc receptor agonists/antagonists,aclidinium bromide,,,
,"-curium, -curonium",neuromuscular blocking agents,"atracurium besylate, alcuronium chloride",,,
ivon,#NAME?,Von Willebrand factor inhibitors,egaptivon pegol,,,
ixafor,#NAME?,CXCR receptor antagonists,plerixafor,,,
ixibat (formerly -ibat),#NAME?,ileal bile acid transporter (IBAT) inhibitors,barixibat,,,
kacin,#NAME?,antibiotics obtained from Streptomyces kanamyceticus (related to kanamycin),amikacin,,,
kalant,#NAME?,potassium channel antagonists,almokalant,,,
subgroup:,,,,,,
,#NAME?,mixed sodium/potassium channel blockers,vernakalant,,,
kalim,#NAME?,potassium channel agonists,cromakalim,,,
kalner,#NAME?,opener of large conductance calcium-activated (maxi-K) potassium channels,flindokalner,,,
kef,-kef- ,enkephalin agonists (various indications),casokefamide,,,
kin,#NAME?,interleukins ,,,,
subgroups:,,,,,,
,#NAME?,interleukin-10 analogues and derivatives,ilodecakin,,,
,#NAME?,interleukin-12 analogues and derivatives,edodekin alfa,,,
,#NAME?,interleukin-11 analogues and derivatives,oprelvekin,,,
,#NAME?,interleukin-21,denenicokin,,,
,#NAME?,interleukin-7 analogues and derivatives,,,,
,#NAME?,interleukin-6 analogues and derivatives,atexakin alfa,,,
,#NAME?,interleukin-2 analogues and derivatives,teceleukin,,,
,#NAME?,interleukin-1 analogues and derivatives,"pifonakin, mobenakin",,,
,#NAME?,interleukin-1-β analogues and derivatives,mobenakin,,,
,#NAME?,interleukin-1-α analogues and derivatives,pifonakin,,,
,#NAME?,interleukin-9 analogues and derivatives,,,,
,#NAME?,interleukin-8 analogues and derivatives,emoctakin,,,
,#NAME?,interleukin-5 analogues and derivatives,,,,
,#NAME?,interleukin-4 analogues and derivatives,binetrakin,,,
kinra,#NAME?,interleukin receptor antagonists,anakinra,,,
subgroups:,,,,,,
,#NAME?,interleukin-1 (IL-1) receptor antagonists ,anakinra,,,
,#NAME?,interleukin-4 (IL-4) receptor antagonists,pitrakinra (INN only),,,
kiren,#NAME?,renin inhibitors,ditekiren,,,
laner,#NAME?,"antagonists of GABA (gamma-aminobutyric acid) regulated chloride channels, antiparasitic agents",afoxolaner,,,
lanstat,#NAME?,enzyme inhibitors,,,,
lazard,#NAME?,lipid peroxidation inhibitors,tirilazard,,,
lazine,#NAME?,"antiarrhythmic/antianginal/antihypertensive agents, phthalazine like structure","hydralazine, cadralazine, endralazine",,,
lefacept,#NAME?,"receptor molecules or membrane ligands, natural, modified or synthetic",,,,
leptin,#NAME?,leptin derivatives,metreleptin,,,
leukin,#NAME?,interleukins ,,,,
leuton,#NAME?,5-lipoxygenase inhibitors,setileuton,,,
lipim,#NAME?,lipoprotein lipase activators,ibrolipim,,,
lisib,#NAME?,phosphatidylinositol 3-kinase (PI3K) inhibitors,pictilisib,,,
listat,#NAME?,enzyme inhibitors,,,,
lintide,#NAME?,peptides,,,,
lubant,#NAME?,leukotriene receptor antagonists (treatment of inflammatory skin disorders),ticolubant,,,
lukast,#NAME?,antiasthmatics/antiallergics (not acting primarily as antihistamines),,,,
luren,#NAME?,inducers of ribosomal readthrough on nonsense mutation mRNA stop codons,ataluren,,,
lutamide,#NAME?,non-steroid antiandrogens,bicalutamide,,,
lutril,#NAME?,endopeptidase inhibitors,,,,
mab,#NAME?,monoclonal antibodies,imciromab,,,
manid,#NAME?,mycolic acid inhibitors,"delamanid, pretomanid",,,
"mantadine, mantine","-mantadine, -mantine",antivirals/antiparkinsonians (adamantane derivatives),rimantadine,,,
mapimod,#NAME?,immunomodulators,,,,
maprazole,#NAME?,antiulcer agents (benzimidazole derivatives),,,,
mastat,#NAME?,enzyme inhibitors,,,,
meline,#NAME?,cholinergic agonists (arecoline derivatives used in treatment of Alzheimer's disease,xanomeline,,,
melteon,#NAME?,selective melatonin receptor agonist,ramelteon,,,
mer,#NAME?,polymers,cadexomer,,,
subgroups:,,,,,,
,#NAME?,dendrimers,astodrimer,,,
mesine,#NAME?,sigma receptor ligands,igmesine,,,
mestane,#NAME?,antineoplastics (aromatase inhibitors),plomestane,,,
metacin,#NAME?,anti-inflammatory agents (indomethacin type),zidometacin,,,
metrep,#NAME?,"antagonists of the transient receptor potential channel (TRP), melatsatin (TRPM) type",elsimetrep,,,
micin,#NAME?,antibiotics (Micromonospora strains),maduramicin,,,
milast,#NAME?,antiasthmatics/antiallergics (not acting primarily as antihistamines),,,,
minib,#NAME?,"kinase inhibitor, binds to myristoyl binding site",asciminib,,,
monam,#NAME?,monobactam antibiotics,gloximonam,,,
morelin,#NAME?,prehormones or hormone-release stimulating peptides,,,,
moren,#NAME?,non-peptidic growth hormone secretagogues,ibutamoren,,,
(a)mostat,"-amostat, -mostat",enzyme inhibitors,,,,
mostim,#NAME?,colony-stimulating factors,,,,
motine,#NAME?,antivirals (quinoline derivatives),famotine,,,
moxin,#NAME?,monoamine oxidase inhibitors (hydrazine derivatives),benmoxin,,,
mulin,#NAME?,"antibacterials, pleuromulin derivatives",retapamulin,,,
multin,#NAME?,mucosal tolerance inductors,ismomultin,,,
murtide,#NAME?,peptides,,,,
mustine,#NAME?,antineoplastics (chloroethylamine derivatives),carmustine,,,
mycin,#NAME?,antibiotics (Streptomyces strain),lincomycin,,,
nab,"nab-, -nab-, -nab",cannabinol derivatives,nabazenil,,,
subgroup:,,,,,,
,#NAME?,"CB (e.g., CB, CB2, etc.) cannabinoid receptor antagonists",rimonabant,,,
nabant,#NAME?,cannabinol derivatives,,,,
nacept,#NAME?,"receptor molecules or membrane ligands, natural, modified or synthetic",,,,
nakalant,#NAME?,see -kalant,vernakalant,,,
nakin,#NAME?,interleukins ,,,,
nakinra,#NAME?,interleukin receptor antagonists,,,,
nal,"nal-, -nal-",narcotic agonists/antagonists (normorphine type),"nalmefene, methylnaltrexone bromide",,,
napanor,#NAME?,sodium-hydrogen antiporter (also called sodium-proton exchanger) inhibitors,tenapanor,,,
napant,#NAME?,inhibitor of apoptosis protein (IAP) ,birinapant,,,
navir,#NAME?,antivirals,,,,
nemdaz,#NAME?,N-methyl D-aspartate (NMDA) receptor antagonists (N2B subunit),ristenemdaz,,,
nepag,#NAME?,non-prostanoid prostaglandin receptor agonists,evatanepag,,,
nercept,#NAME?,"receptor molecules or membrane ligands, natural, modified or synthetic",,,,
nermin,#NAME?,growth factors,,,,
nertant,#NAME?,tachykinin (neurokinin) receptor antagonists,,,,
nercept,#NAME?,"receptor molecules or membrane ligands, natural, modified or synthetic",,,,
nesib,#NAME?,kinesin inhibitors,ispinesib,,,
netant,#NAME?,tachykinin (neurokinin) receptor antagonists,,,,
netide,#NAME?,peptides,,,,
neurin,#NAME?,neurotensin receptor antagonists, neurotropins,abrineurin,,
nexor,#NAME?,exportin 1 inhibitors,"selinexor, verdinexor, eltanexor",,,
nicline,#NAME?,nicotinic acetylcholine receptor partial agonists/agonists,altinicline,,,
nidap,#NAME?,nonsteroidal anti-inflammatory agents (tenidap type),ilonidap,,,
nidazole,#NAME?,antiprotozoal substances (metronidazole type),tinidazole,,,
nifur,nifur-,5-nitrofuran derivatives,nifuratel,,,
nixin,#NAME?,anti-inflammatory agents (anilinonicotinic acid derivatives),clonixin,,,
nod,#NAME?,"nitrogen oxide (eg., nitrxyl and nitric oxide) donors","cimlanod, naproxcinod",,,
nonakin,#NAME?,interleukins ,,,,
octakin,#NAME?,interleukins ,,,,
oligide,#NAME?,decoy oligodeoxynucleotides (ODNs),brivoligide,,,
olol,#NAME?,beta-blockers (propranolol type),timolol,,,
olone,#NAME?,steroids (not prednisolone derivatives),minaxolone,,,
omab,#NAME?,monoclonal antibodies,,,,
onakin,#NAME?,interleukins ,,,,
onide,#NAME?,topical steroids (acetal derivatives),amcinonide,,,
onium,#NAME?,quaternary ammonium derivatives,,,,
opilone,#NAME?,epothilones,sagopilone,,,
opran,#NAME?,opioid receptor antagonists,bevenopran,,,
orex,#NAME?,anorexiants,fludorex,,,
subgroups:,,,,,,
,#NAME?,orexin antagonists,suvorexant,,,
orexant,#NAME?,anorexiants,,,,
orphan,"-orphan, -orphan-",narcotic antagonists/agonists (morphinan derivatives) ,dextromethorphan,,,
osuran,#NAME?,urotensin receptor antagonists,palosuran,,,
otermin,#NAME?,growth factors,,,,
otilate,#NAME?,"hepatoprotectants, di-isopropyl (1,3-dithiol-2-ylidene) propanedioate and related compounds",mivotilate,,,
oxacin,#NAME?,antibacterials (quinolone derivatives),ciprofloxacin,,,
oxan(e),"-oxane, -oxan",alpha-adrenoceptor antagonists (benzodioxane derivatives),imiloxan,,,
oxanide,#NAME?,antiparasitics (salicylanilide derivatives),bromoxanide,,,
oxef,#NAME?,antibiotics (oxacefalosporanic acid derivatives),flomoxef,,,
oxetine,#NAME?,antidepressants (fluoxetine type),dapoxetine,,,
subgroup:,,,,,,
,#NAME?,thioether derivatives,tedatioxetine,,,
oxin,#NAME?,"fluoroquinolone derivatives, nonantibacterial indication (e.g., antineoplastic antibiotics)",voreloxin,,,
padon,#NAME?,"dopamine D1-like receptors (e.g., D1 and D5 subtypes) agonists/partial agonists and potentiators",tavapadon,,,
pafant,#NAME?,platelet-activating factor antagonists,dacopafant,,,
pamide,#NAME?,diurectics (sulfamoylbenzoic acid derivatives),alipamide,,,
pamil,#NAME?,coronary vasodilators (verapamil type),,,,
pamine,#NAME?,dopaminergics (butopamine type),fosopamine,,,
pansel,#NAME?,selectin antagonists inhibiting all selectin types,rivapansel,,,
parantag,#NAME?,antagonists of heparin and/or low molecular weight  heparins,delparantag,,,
paratide,#NAME?,peptides,,,,
parcin,#NAME?,glycopeptide antibiotics,avoparcin,,,
parib,#NAME?,poly-ADP-ribose polymerase inhibitors,olaparib,,,
parin,#NAME?,heparin derivatives and low molecular weight (or depolymerized) heparins,heparin,,,
parinux,#NAME?,antihrombotic indirect selective synthetic factor Xa inhibitors,fondaparinux,,,
paroid,#NAME?,antithrombotics (heparinoid type),danaparoid,,,
parstat,#NAME?,enzyme inhibitors,,,,
"patril, patrilat","-patril, -patrilat",endopeptidase inhibitors,,,,
paxar,#NAME?,Protease-activated receptor 1 (PAR1) antagonists,vorapaxar,,,
peg,"peg-, -peg-","PEGylated compounds, covalent attachment of macrogol (polyethylene glycol) polymer",lipegfilgrastim,,,
penem,#NAME?,"antibacterial  antibiotics, carbapenem derivatives",tomopenem,,,
penkin,#NAME?,interleukins ,,,,
perflu,perflu-,blood substitutes and/or diagnostics (perfluorochemicals),perflubron,,,
peridol,#NAME?,(see -perone),,,,
peridone,#NAME?,(see -perone),,,,
perit,#NAME?,neuropeptide Y5 antagonists,velneperit,,,
perone,#NAME?,antianxiety agents/neuroleptics (4'-fluoro-4-piperidinobutyrophenone derivatives),duoperone,,,
subgroups:,,,,,,
,#NAME?,antipsychotics (haloperidol type),haloperidol,,,
,#NAME?,antipsychotics (risperidone type),risperidone,,,
pertin,#NAME?,glycine transporter/reuptake inhibitors ,bitopertin,,,
pezil,#NAME?,acetylcholinesterase inhibitors used in the treatment of Alzheimer's disease,icopezil,,,
pidem,#NAME?,hypnotics/sedatives (zolpidem type),zolpidem,,,
pin(e),"-pin, -pine",tricyclic compounds,"doxepin, amoxapine, darenzepine",,,
piprant,#NAME?,"prostaglandin receptor antagonists, non prostinoid structure",laropiprant,,,
pirdine,#NAME?,serotonin 5-HT6 receptor inhibitors,linopirdine,,,
pirox,#NAME?,antimycotics (pyridone derivatives),ciclopirox,,,
pitant,#NAME?,tachykinin (neurokinin) receptor antagonists,,,,
pivat,#NAME?,pyruvate kinase activators,mitapivat,,,
plact,#NAME?,platelet factor 4 analogs and derivatives,iroplact,,,
pladib,#NAME?,phospholipase A2 inhibitors,ecopladib,,,
plam,#NAME?,survuval motor neurin SMN1 and SMN2 splicing modulators,risdiplam,,,
planin,#NAME?,antibacterials (Actinoplanes strains),mideplanin,,,
plasinin,#NAME?,inhibitors of plasminogen activator inhibitors - type 1,tiplasinin,,,
plasmin,#NAME?,plasmin proteins and derivatives,ocriplasmin,,,
platin,#NAME?,antineoplastics (platinum derivatives),cisplatin,,,
plenib,#NAME?,spleen tyrosine kinase (Syk) inhibitors,"lanraplenib, entosplenib",,,
plermin,#NAME?,growth factors,,,,
plestim,#NAME?,colony-stimulating factors,,,,
plon,#NAME?,"non-benzodiazepine anxiolytics, sedatives, hypnotics","ocinaplon, zaleplon",,,
podect,#NAME?,phosphodiesterase 10 (PDE10) inhibitors,mardepodect,,,
poetin,#NAME?,erythropoietins,epoetin alfa,,,
porfin,#NAME?,benzoporphyrin derivatives,verteporfin,,,
potide,#NAME?,peptides,,,,
pramine,#NAME?,antidepressants (imipramine type),lofepramine,,,
prazan,#NAME?,"proton pump inhibitors, not dependent on acid activation",revaprazan,,,
prazole,#NAME?,antiulcer agents (benzimidazole derivatives),omeprazole,,,
subgroup:,,,,,,
,#NAME?,proton pump inhibitors,pumaprazole,,,
pred,"pred-, -pred-, -pred",prednisone and prednisolone derivatives,prednicarbate,,,
pressin,#NAME?,vasoconstrictors (vasopressin derivatives),desmopressin,,,
previr,#NAME?,antivirals,,,,
pril,"-pril, -pril-",antihypertensives (ACE inhibitors),enalapril,,,
subgroup:,,,,,,
,#NAME?,"antihypertensives (ACE inhibitors), diacid analogs ",enalaprilat,,,
prilat,#NAME?,antihypertensives (ACE inhibitors),,,,
prinim,#NAME?,"nootropic agents (learning/cognitive enhancers), purine derivatives",leteprinim,,,
prim,#NAME?,"antibacterials (trimethoprim type), dihydrofolate reductase (DHFR) inhibitors ",ormetoprim,,,
pris,-pris-,steriodal compounds acting on progesterone receptors (excluding -gest- compounds),"lonaprisan, vilaprisan",,,
prisnil,#NAME?,selective progesterone receptor modulators (SPRM),asoprisnil,,,
pristin,#NAME?,"antibacterials, pristinamycin derivatives",quinupristin,,,
pristone,#NAME?,progesterone receptor antagonists,mifepristone,,,
profen,#NAME?,anti-inflammatory/analgesic agents (ibuprofen type),flurbiprofen,,,
proget,#NAME?,nonsteroidal ligand for the progesterone receptor,tanaproget,,,
prost,"-prost-, -prost",prostaglandins,rioprostil,,,
protafib,#NAME?,protein tyrosine phosphatase 1B inhibitors,ertiprotafib,,,
pultide,#NAME?,peptides,,,,
punil,#NAME?,"mitochondrial benzodiazepine receptor (MBR) selective, partial, or inverse agonists (purine derivatives)",emapunil,,,
quantel,#NAME?,anthelminitics (undefined group),,,,
queside,#NAME?,cholesterol sequestrants (glycosides),pamaqueside,,,
quidar,#NAME?,multidrug resistance inhibitors,,,,
quiline,#NAME?,"antibiotics, diarylquinoline structure",bedaquiline,,,
quinil,#NAME?,"benzodiazepine receptor agonists, partial agonists, inverse agonists (quinolone derivatives)",lirequinil,,,
quistat,#NAME?,enzyme inhibitors,,,,
racetam,#NAME?,"nootropic agents (learning, cognitive enhancers), piracetam type",piracetam,,,
racil,#NAME?,uracil type antineoplastics,eniluracil,,,
rafenib,#NAME?,rapidly accelerated fibrosarcoma (RAF) kinase inhibitors,sorafenib,,,
ragone,#NAME?,receptor for advanced glycation endproducts (RAGE) inhibitors,azeliragone,,,
reotide,#NAME?,peptides,,,,
relin,#NAME?,prehormones or hormone-release stimulating peptides,nafarelin,,,
subgroups:,,,,,,
,#NAME?,growth hormone-release stimulating peptides,dumorelin,,,
,#NAME?,thyrotropin releasing hormone analogues,protirelin,,,
relix,#NAME?,hormone-release inhibiting peptides,detirelix,,,
renone,#NAME?,aldosterone antagonists (spironolactone type),canrenone,,,
restat,#NAME?,enzyme inhibitors,,,,
retin,"-retin-, -retin",retinol derivatives,etretinate,,,
rian,#NAME?,ryanodine receptor modulators,aladorian,,,
ribine,#NAME?,ribofuranil derivatives (pyrazofurin type),loxoribine,,,
rifa,rifa-,antibiotics (rifamycin derivatives),rifapentine,,,
rinone,#NAME?,cardiotonics (amrinone type),milrinone,,,
ritide,#NAME?,peptides,,,,
rixin,#NAME?,chemokine (C-X-C motif) receptor 2 (CXCR2) modulators,reparixin,,,
rocin,#NAME?,t-RNA synthetase inhibitors,bederocin,,,
rolimus,#NAME?,immunosuppressives,,,,
rozole,#NAME?,aromatase inhibitors (imidazole/triazole derivatives) ,letrozole,,,
rsen,#NAME?,antisense oligonucleotides,alicaforsen,,,
subgroup:,,,,,,
,#NAME?,antivirals,afovirsen,,,
rubicin,#NAME?,antineoplastic antibiotics (daunorubicin type),esorubicin,,,
sal,"sal-, -sal-, -sal",anti-inflammatory agents (salicyclic acid derivatives),mesalamine,,,
sap,#NAME?,serum amyloid P (SAP) inhibitors,miridesap,,,
sarm,#NAME?,selective androgen receptor modulator (non-steroidal) ,enobosarm,,,
sartan,#NAME?,angiotensin II receptor antagonists,losartan,,,
selan,#NAME?,E-selectin antagonists,uproleselan,,,
semide,#NAME?,diuretics (furosemide type),azosemide,,,
semtiv,#NAME?,skeletal muscle troponin activator,tirasemtiv,,,
sermin,#NAME?,growth factors,,,,
serod,#NAME?,serotonin receptor antagonists and partial agonists,piboserod,,,
serpine,#NAME?,Rauwolfia alkaloid derivatives,reserpine,,,
sertib,#NAME?,serine/threonine kinase inhibitors,danusertib,,,
setrag,#NAME?,"serotonin 5-HT receptor agonists, not principally 5-HT2",pumosetrag,,,
setron,#NAME?,serotonin 5-HT3 receptor antagonists,ondansetron,,,
siban,#NAME?,oxytocin antagonists,barusiban,,,
sidenib,#NAME?,mutated isocitrate dehydrogenase (IDH) inhibitors,enasidenib,,,
sidomine,#NAME?,antianginals (sydnone derivatives),molsidomine,,,
sidone,#NAME?,antipsychotic with binding activity on sertonin (5-HT2A) and dopamine (D2) receptors,lurasidone,,,
siptor,#NAME?,Src homology 2-containing inositol-5' phosphatase 1 (SHIP1) activators,rosiptor,,,
siran (formerly -siranib),-siran- ,small interfering RNA (siRNA),patisiran,,,
som,som-,growth hormone derivatives,somatrem,,,
subgroups:,,,,,,
,,bovine somatotropin derivatives,sometribove,,,
,,porcine somatotropin derivatives,sometripor,,,
sonan,#NAME?,serotonin 5-HT1B receptor inhibitors,elzasonan,,,
spirone,#NAME?,anxiolytics (buspirone type),zalospirone,,,
spodar,#NAME?,multidrug resistance inhibitors,,,,
sporin,#NAME?,cyclosporin derivatives,,,,
sporivir,#NAME?,antivirals,,,,
stat,"-stat, -stat-",enzyme inhibitors,,,,
subgroups:,,,,,,
,#NAME?,beta secretase inhibitors,verubecestat,,,
,#NAME?,dopamine b-hydrolase (DBH) inhibitors,nepicastat,,,
,#NAME?,"indoleamine 2, 3-dioxygenase 1 (IDO1) inhibitors",epacodostat,,,
,#NAME?,hypoxia-inducible factor (HIF) prolyl hydroxylase inhibitors,"roxadustat, vadadustat",,,
,#NAME?,elastase inhibitors,sivelestat,,,
,#NAME?,folate hydrolose (also called Prostate Specific Membrane Antigen (PSMA) or glutamate carboxypeptidase II) inhibitors,iofolastat 123,,,
,#NAME?,gamma secretase inhibitors,semagacestat,,,
,#NAME?,glucosyltransferase inhibitors,miglustat,,,
,#NAME?,histone deacetylase inhibitors,dacinostat,,,
,#NAME?,lanosterol 14a-demethylase inhibitors,azalanstat,,,
,#NAME?,gastrointestinal lipase inhibitors,cetilistat,,,
,#NAME?,matrix metalloprotease inhibitors,batimastat,,,
,"-amostat, -mostat",proteolytic enzyme inhibitors,nafamostat,,,
,#NAME?,heparin derivatives ,dociparstat,,,
,#NAME?,squalene synthase inhibitors,lapaquistat,,,
,"-restat-, -restat",aldose-reductase inhibitors,"ponalrestat, tolrestat, alrestatin",,,
,#NAME?,s-nitrosoglutathione reductase (GSNOR) inhibitors,cavosonstat,,,
,#NAME?,antihyperlipidemics (HMG-CoA inhibitors),"atorvastatin, lovastatin",,,
,#NAME?,telomerase inhibitors,imetelstat,,,
,#NAME?,glutathione -s- transferase inhibitors,ezatiostat hydrochloride,,,
,#NAME?,tryptophan hydroxylase inhibitors,telotristat,,,
,#NAME?,nitric oxide synthase inhibitors,cindunistat,,,
,#NAME?,urease inhibitors,benurestat,,,
,#NAME?,xanthine oxidase/dehydrogenase inhibitors,febuxostat,,,
statin,#NAME?,enzyme inhibitors,,,,
ster,-ster-,"steroids (androgens, anabolics)",norgesterone,,,
steride,#NAME?,testosterone reductase inhibitors ,epristeride,,,
stigmine,#NAME?,cholinesterase inhibitors (physostigmine type),quilostigmine,,,
stim,#NAME?,colony-stimulating factors,ancestim,,,
subgroups:,,,,,,
,#NAME?,conjugates of two different types of colony-stimulating factors,milodistim,,,
,#NAME?,granulocyte macrophage colony-stimulating factors (GM-CSF),molgramostim,,,
,#NAME?,granulocyte colony-stimulating factors (G-CSF),filgrastim,,,
,#NAME?,macrophage colony-stimulating factors (M-CSF),mirimostim,,,
,#NAME?,interleukin 3 deriviatives, pleiotropic colony-stimulating factors,daniplestim,,
stinel,#NAME?,"N-methyl-D-asparate (NMDA) receptor antagonist/agonists, glycine recognition site","licostinel, apimostinel, rapastinel",,,
sulam,#NAME?,"antineoplastics, apoptosis inducing sulfonamide",indisulam,,,
sulfa,sulfa- ,antimicrobials (sulfonamides derivatives) ,sulfasalazine,,,
sulfan,#NAME?,"antineoplastics, alkylating agents (methanessulfonate derivatives)",busulfan,,,
sulind,#NAME?,"antineoplastics, pro-apoptotic cGMP phosphodiesterase inhibitors, sulindac metabolites",exisulind,,,
sulpride,#NAME?,sulpride derivatives,"remoxipride, zacopride",,,
tacept,#NAME?,"receptor molecules or membrane ligands, natural, modified or synthetic",,,,
tansine,#NAME?,maytansinoid derivatives,mertansine,,,
tant,#NAME?,tachykinin (neurokinin) receptor antagonists,,,,
subgroups:,,,,,,
,#NAME?,NK2 receptor antagonists ,saredutant,,,
,#NAME?,neurotensin receptor antagonists,reminertant,,,
,#NAME?,NK3 receptor antagonists,osanetant,,,
,#NAME?,NK1 receptor antagonists ,dapitant,,,
tapide,#NAME?,microsomal triglyceride transfer protein (MTP) inhibitors,implitapide,,,
taxel,#NAME?,"antineoplastics, taxane derivatives",paclitaxel,,,
tecan,#NAME?,antineoplastics (camptothecin derivatives),topotecan ,,,
tecarin,#NAME?,antineoplastics (rebeccamycin derivatives),becatecarin,,,
tegrast,#NAME?,antiasthmatics/antiallergics (not acting primarily as antihistamines),,,,
tegravir,#NAME?,antivirals,,,,
telstat,#NAME?,enzyme inhibitors,,,,
tepa,#NAME?,antineoplastics (thiotepa derivatives),azetepa,,,
teplase,#NAME?,enzymes,,,,
tercept,#NAME?,"receptor molecules or membrane ligands, natural, modified or synthetic",,,,
termin,#NAME?,growth factors,,,,
terol,#NAME?,bronchodilators (phenethylamine derivatives),albuterol,,,
terone,#NAME?,antiandrogens,"abiraterone, testerone",,,
subgroups:,,,,,,
,#NAME?,non-steroid antiandrogens,"cioteronel, orteronel, seviteronel",,,
tesind,#NAME?,thymidylate synthase inhibitors (benzindole derivatives),metesind,,,
thiazide,#NAME?,diuretics (thiazide derivatives),sodium chlorothiazide,,,
tiapine,#NAME?,antipsychotics (dibenzothiazepine derivatives),metiapine,,,
tiazem,#NAME?,calcium channel blockers (diltiazem type),clentiazem,,,
tibant,#NAME?,antiasthmatics (bradykinin antagonists),icatibant,,,
tide,#NAME?,peptides,octreotide,,,
subgroups:,,,,,,
,#NAME?,synthetic corticotropins,seractide,,,
,#NAME?,gastrointestinal functions, normalizing agent,recanaclotide,,
,#NAME?,oxyntomodulin analogs,pegefinodutide,,,
,#NAME?,platelet aggregation inhibitor (GPIIb/IIIa receptor antagonist),eptifibatide,,,
,#NAME?,gap junction protein channel modulators,rotigaptide,,,
,#NAME?,glucagon-like peptide (GLP) analogs,liraglutide,,,
,#NAME?,amylin derivatives or mimics,pramlintide,,,
,#NAME?,melanocortin receptor agonists,setmelanotide,,,
,#NAME?,peptides with muranic acid present,mifamurtide,,,
,#NAME?,neurologic indications,davunetide,,,
,#NAME?,parathyroid hormone related peptide,semparatide,,,
,#NAME?,peptides with prostate cancer indications,tigapotide,,,
,#NAME?,peptides used as pulmonary surfactants,sinapultide,,,
,#NAME?,inhibition of growth hormone release,pasireotide,,,
,#NAME?,atrial natriuretic type substances,cenderitide,,,
,#NAME?,antiviral peptides,enfuvirtide,,,
,#NAME?,zonulin antagonists,larazotide,,,
tidine,#NAME?,H2-receptor antagonists (cimetidine type),lupitidine,,,
tinib,#NAME?,tyrosine kinase inhibitors ,erlotinib,,,
subgroup:,,,,,,
,#NAME?,tyrosine kinase inhibitors Bruton's (Btk) inhibitors,ibrutinib,,,
,#NAME?,tyrosine kinase inhibitors, janus kinase inhibitors,baricitinib,,
,#NAME?,epidermal growth factor receptor (EGFR) inhibitors,"abivertinib, osimertinib, canertinib",,,
,#NAME?,tyrosine kinase inhibitors, MEK (MAPK kinase) inhibitors,"binimetinib, cobimetinib, selumetinib",,
,#NAME?,tropomyosin receptor kinase (TRK) inhibitors,"entrectinib, larotrectinib, reprotrectinib",,,
,#NAME?,Tyrosine kinase inhibitors ERK1 and ERK2 inhibitors,,,,
tiostat,#NAME?,enzyme inhibitors,,,,
tioxetine,#NAME?,antidepressants (fluoxetine type),,,,
tirelin,#NAME?,prehormones or hormone-release stimulating peptides,,,,
tirimod,#NAME?,immunomodulators,,,,
tirom,-tirom-,"antihyperlipidemic, thyromimetic derivatives",sobetirome,,,
tocin,#NAME?,oxytocin derivatives,oxytocin,,,
toclax,#NAME?,bcl-2 (B-cell lymphoma 2) inhibitors,obatoclax ,,,
toin,#NAME?,antiepileptics (hydantoin derivatives),albutoin,,,
tolimod,#NAME?,immunomodulators,,,,
toran,#NAME?,toll-like receptor 4 (TLR4) receptor antagonists ,eritoran,,,
trakin,#NAME?,interleukins ,,,,
trakinra,#NAME?,interleukin receptor antagonists,,,,
traline,#NAME?,selective serotonin reuptake inhibitors (SSRI),sertraline,,,
trectinib,#NAME?,tyrosine kinase inhibitors ,,,,
treg,-treg-,cellular therapy T regulatory cells,cirotregcel,,,
trep,#NAME?,transient receptor potential antagonists,mavatrep,,,
trexate,#NAME?,antimetabolites (folic acid derivatives),methotrexate,,,
trexed,#NAME?,antineoplastic thymidylate synthetase inhibitors,nolatrexed,,,
tricin,#NAME?,antibiotics (polyene derivatives),mepartricin,,,
trigine,#NAME?,"sodium channel blockers, signal transduction modulators","lamotrigine, raxatrigine",,,
tril/trilat,"-tril, -trilat",endopeptidase inhibitors,candoxatril,,,
subgroups:, -lutril,neutral endopeptidase inhibitors possessing additional endothelin converting enzyme inhibitory activity,daglutril,,,
,"-patril, -patrilat",ACE (angiotensin-1 converting enzyme) and NEP (neutral endopeptidase) inhibitors,omapatrilat,,,
triptan,#NAME?,antimigraine agents (5-HT1 receptor agonists), sumatriptan derivatives,naratriptan,,
triptyline,#NAME?,"antidepressants (dibenzol[a,d]cycloheptane derivatives)",amitriptyline,,,
tristat,#NAME?,enzyme inhibitors,,,,
troban,#NAME?,antithrombotics (thromboxane A2 receptor antagonists),daltroban,,,
trodast,#NAME?,antiasthmatics/antiallergics (not acting primarily as antihistamines),,,,
troline,#NAME?,antipsychotics (dopamine D2 antagonists),carvotroline,,,
trombopag,#NAME?,thrombopoetin agonists,eltrombopag,,,
trop," -trop-, -trop, trop-",atropine derivatives,benztropine,,,
,,"Subgroups: tertiary amines (e.g., benzatropine), quarternary ammonium salts (e.g., darotropium bromide), was used as a prefix with another stem (e.g., tropanserin)",tropatepine,,,
umab,#NAME?,monoclonal antibodies,,,,
unistat,#NAME?,enzyme inhibitors,,,,
uplase,#NAME?,enzymes,,,,
uracil,#NAME?,uracil derivatives used as thyroid antagonists and as antineoplastics,fluorouracil,,,
urestat,#NAME?,enzyme inhibitors,,,,
uridine,#NAME?,antivirals, antineoplastics (uridine derivatives),idoxuridine,,
vancin,#NAME?,vancomycin-related compounds,dalbavancin,,,
vaptan,#NAME?,vasopressin receptor antagonists,conivaptan,,,
vatrep,#NAME?,vanilloid 1 receptor antagonists,mavatrep,,,
verine,#NAME?,spasmolytic agents (papaverine type),mebeverine,,,
vin,"vin-, -vin-",vinca alkaloids,vinepidine,,,
vir,"vir-, -vir-, -vir",antivirals,ganciclovir,,,
subgroups:,#NAME?,neuraminidase inhibitors,zanamivir,,,
,#NAME?,nonstructural protein 5A (NS5A) inhibitors,daclatasvir,,,
,#NAME?,respiratory syncytial virus (RSV) fusion inhibitors,presatovir,,,
,#NAME?,RNA polymerase (NS5B) inhibitors,nesbuvir,,,
,#NAME?,carbocyclic nucleosides,lobucavir,,,
,"-cyclovir, -ciclovir",antivirals (acyclovir type),desciclovir,,,
,#NAME?,adenosine analogs acting as RNA polymerase inhibitors,remdesivir,,,
,#NAME?,glucosidase inhibitors,celgosivir,,,
,#NAME?,HIV protease inhibitors (saquinavir type),indinavir,,,
,#NAME?,serine protease inhibitors ,boceprevir,,,
,#NAME?,cyclosporine derivatives,alisporivir,,,
,#NAME?,integrase inhibitors,elvitegravir,,,
,#NAME?,non-nucleoside reverse transcriptase inhibitors, benzoxazinone derivatives,efavirenz,,
,#NAME?,"receptor molecules or membrane ligands, natural, modified or synthetic",,,,
,#NAME?,antivirals,,,,
,#NAME?,antivirals,,,,
,#NAME?,"antiviral, disrupts viral maturation",bevirimat,,,
,#NAME?,"non-nucleoside reverse transcriptase inhibitors, not benzoxazinone derivatives",rilpivirine,,,
,#NAME?,"receptor molecules or membrane ligands, natural, modified or synthetic",,,,
,#NAME?,antivirals,,,,
,#NAME?,benzoxazinone derivatives,efavirenz,,,
,#NAME?,antivirals,,,,
,#NAME?,antivirals,,,,
viroc,#NAME?,"antivirals, chemokine receptor (CCR) antagonists",maraviroc,,,
subgroups:,,,,,,
,#NAME?,immunomodulators,ancriviroc,,,
virsen,#NAME?,antisense oligonucleotides,,,,
vivint,#NAME?,WNT (wingless-type mouse mammary tumor virus) pathway inhibitors,"adavivint, lorcivivint",,,
vudine,#NAME?,antineoplastics, antivirals (zidovudine group) (exception: edoxudine),stavudine,,
xaban,#NAME?,"antithrombotics, blood coagulation factor XA inhibitors",tamixaban,,,
xanox,#NAME?,antiallergic respiratory tract drugs (xanoxic acid derivatives),tixanox,,,
xetan,#NAME?,chelating agents,yttrium (90y) clivatuzumab tetraxetan,,,
ximab,#NAME?,monoclonal antibodies,,,,
xostat,#NAME?,enzyme inhibitors,,,,
zolamide,#NAME?,carbonic anhydrase inhibitors,brinzolamide,,,
zolast,#NAME?,antiasthmatics/antiallergics (not acting primarily as antihistamines),,,,
zolid,#NAME?,oxazolidinone antibacterials,eperezolid,,,
zomib,#NAME?,proteozome inhibitors,bortezomib,,,
zotan,#NAME?,5-HT1A receptor agonists/antagonists acting primarily as neuroprotectors,robalzotan,,,
zotide,#NAME?,peptides,,,,
zumab,#NAME?,monoclonal antibodies,,,,
